<Module>
    <Name value="StayingAlive"/>
    <Id value="StayingAlive"/>
    <Version value="v1.0.0"/>
    <SingleplayerModule value="true"/>
    <MultiplayerModule value="false"/>
    <DependedModules>
        <DependedModule Id="Native"/>
        <DependedModule Id="SandBoxCore"/>
        <DependedModule Id="Sandbox"/>
        <DependedModule Id="StoryMode" />
        <DependedModule Id="Bannerlord.Harmony" />
    </DependedModules>
    <SubModules>
        <SubModule>
            <Name value="StayingAlive"/>
            <DLLName value="StayingAlive.dll"/>
            <SubModuleClassType value="StayingAlive.SubModule"/>
            <Tags>
                <Tag key="DedicatedServerType" value="none" />
                <Tag key="IsNoRenderModeElement" value="false" />
            </Tags>
        </SubModule>
    </SubModules>
    <Xmls/>
</Module>